Workbook

Sheet Źródło
A1: Arkusz | B1: Źródło danych | C1: Opis
A2: Zasoby mieszkaniowe | B2: GUS - https://stat.gov.pl/ | C2: Zasoby mieszkaniowe ogółem w miastach i na wsi.
A3: Mieszkania oddane do użytkowania | B3: GUS - https://stat.gov.pl/ | C3: Mieszkania oddane do użytkowania ogółem.
A4: Remonty mieszkań | B4: GUS - https://stat.gov.pl/ | C4: Remonty mieszkań komunalnych (związane z podwyższeniem standardu mieszkania) - (wodociąg, kanalizacja, centralne ogrzewanie, ciepła woda, gaz sieciowy, zasoby, do których doprowadzono nowe instalacje, ocieplenie budynków)
A5: Rynkowa sprzedaż lokali mieszkalnych | B5: GUS - https://stat.gov.pl/ | C5: Liczba lokali mieszkalnych sprzedanych w ramach transakcji rynkowych.
A6: Kwota wypłaconych dodatków mieszkaniowych użytkownikom lokali | B6: GUS - https://stat.gov.pl/ | C6: Liczba i kwoty wypłaconych dodatków mieszkaniowych użytkownikom lokali.

Sheet Dane
A1: Kod | B1: Powiat | C1: Rok | D1: Zasoby mieszkaniowe (szt.) | E1: Mieszkania oddane do użytkowania (szt.) | F1: Rynkowa sprzedaż lokali mieszkalnych (szt.) | G1: Kwota wypłaconych dodatków mieszkaniowych użytkownikom lokali (zł) | H1: Remonty mieszkań komunalnych (wodociąg, kanalizacja, centralne ogrzewanie, ciepła woda, gaz sieciowy, zasoby, do których doprowadzono nowe instalacje, ocieplenie budynków) [szt.].
A2: 0201000 | B2: Powiat bolesławiecki | C2: 2013 | D2: 30511 | E2: 372 | F2: 229 | G2: 2052998 | H2: 8
A3: 0202000 | B3: Powiat dzierżoniowski | C3: 2013 | D3: 39373 | E3: 173 | F3: 270 | G3: 3221117 | H3: 40
A4: 0203000 | B4: Powiat głogowski | C4: 2013 | D4: 31735 | E4: 413 | F4: 456 | G4: 2569925 | H4: 32
A5: 0204000 | B5: Powiat górowski | C5: 2013 | D5: 11705 | E5: 64 | F5: 0 | G5: 1084191 | H5: 0
A6: 0205000 | B6: Powiat jaworski | C6: 2013 | D6: 17690 | E6: 113 | F6: 85 | G6: 1280681 | H6: 4
A7: 0206000 | B7: Powiat karkonoski | C7: 2013 | D7: 23955 | E7: 281 | F7: 216 | G7: 1419745 | H7: 13
A8: 0207000 | B8: Powiat kamiennogórski | C8: 2013 | D8: 16628 | E8: 79 | F8: 87 | G8: 1132871 | H8: 20
A9: 0208000 | B9: Powiat kłodzki | C9: 2013 | D9: 63223 | E9: 404 | F9: 491 | G9: 5581123 | H9: 494
A10: 0209000 | B10: Powiat legnicki | C10: 2013 | D10: 17623 | E10: 216 | F10: 68 | G10: 1009016 | H10: 12
A11: 0210000 | B11: Powiat lubański | C11: 2013 | D11: 19897 | E11: 128 | F11: 127 | G11: 1545510 | H11: 24
A12: 0211000 | B12: Powiat lubiński | C12: 2013 | D12: 39152 | E12: 436 | F12: 533 | G12: 1749842 | H12: 54
A13: 0212000 | B13: Powiat lwówecki | C13: 2013 | D13: 16577 | E13: 78 | F13: 69 | G13: 972369 | H13: 7
... A381: 3263000 | B381: Powiat m. Świnoujście | C381: 2013 | D381: 20042 | E381: 96 | F381: 170 | G381: 1118002 | H381: 0
A382: 0201000 | B382: Powiat bolesławiecki | C382: 2014 | D382: 30770 | E382: 287 | F382: 117 | G382: 2034192 | H382: -
A383: 0202000 | B383: Powiat dzierżoniowski | C383: 2014 | D383: 39451 | E383: 95 | F383: 234 | G383: 3056046 | H383: -
A384: 0203000 | B384: Powiat głogowski | C384: 2014 | D384: 31928 | E384: 279 | F384: 438 | G384: 2404462 | H384: -
A385: 0204000 | B385: Powiat górowski | C385: 2014 | D385: 11741 | E385: 48 | F385: 3 | G385: 1021695 | H385: -
A386: 0205000 | B386: Powiat jaworski | C386: 2014 | D386: 17753 | E386: 75 | F386: 73 | G386: 1122611 | H386: -
A387: 0206000 | B387: Powiat karkonoski | C387: 2014 | D387: 24352 | E387: 420 | F387: 253 | G387: 1304185 | H387: -
A388: 0207000 | B388: Powiat kamiennogórski | C388: 2014 | D388: 16675 | E388: 58 | F388: 92 | G388: 1282224 | H388: -
A389: 0208000 | B389: Powiat kłodzki | C389: 2014 | D389: 63580 | E389: 391 | F389: 514 | G389: 5423943 | H389: -
A390: 0209000 | B390: Powiat legnicki | C390: 2014 | D390: 17836 | E390: 248 | F390: 74 | G390: 936210 | H390: -
A391: 0210000 | B391: Powiat lubański | C391: 2014 | D391: 20015 | E391: 131 | F391: 180 | G391: 1405228 | H391: -
A392: 0211000 | B392: Powiat lubiński | C392: 2014 | D392: 39495 | E392: 377 | F392: 525 | G392: 1887265 | H392: -
A393: 0212000 | B393: Powiat lwówecki | C393: 2014 | D393: 16633 | E393: 59 | F393: 71 | G393: 967033 | H393: -
... A761: 3263000 | B761: Powiat m. Świnoujście | C761: 2014 | D761: 20180 | E761: 153 | F761: 218 | G761: 1096781 | H761: -
A762: 0201000 | B762: Powiat bolesławiecki | C762: 2015 | D762: 31018 | E762: 264 | F762: 310 | G762: 1770129 | H762: 30
A763: 0202000 | B763: Powiat dzierżoniowski | C763: 2015 | D763: 39502 | E763: 63 | F763: 330 | G763: 2795949 | H763: 0
A764: 0203000 | B764: Powiat głogowski | C764: 2015 | D764: 32122 | E764: 228 | F764: 391 | G764: 2220931 | H764: 58
A765: 0204000 | B765: Powiat górowski | C765: 2015 | D765: 11796 | E765: 58 | F765: 13 | G765: 945128 | H765: 0
A766: 0205000 | B766: Powiat jaworski | C766: 2015 | D766: 17817 | E766: 76 | F766: 89 | G766: 911763 | H766: 39
A767: 0206000 | B767: Powiat karkonoski | C767: 2015 | D767: 24734 | E767: 419 | F767: 333 | G767: 1183125 | H767: 8
A768: 0207000 | B768: Powiat kamiennogórski | C768: 2015 | D768: 16718 | E768: 50 | F768: 125 | G768: 1247130 | H768: 0
A769: 0208000 | B769: Powiat kłodzki | C769: 2015 | D769: 63765 | E769: 218 | F769: 493 | G769: 4887851 | H769: 756
A770: 0209000 | B770: Powiat legnicki | C770: 2015 | D770: 17988 | E770: 188 | F770: 95 | G770: 793552 | H770: 22
A771: 0210000 | B771: Powiat lubański | C771: 2015 | D771: 20119 | E771: 108 | F771: 163 | G771: 1214265 | H771: 15
A772: 0211000 | B772: Powiat lubiński | C772: 2015 | D772: 39860 | E772: 388 | F772: 453 | G772: 1811491 | H772: 22
A773: 0212000 | B773: Powiat lwówecki | C773: 2015 | D773: 16686 | E773: 56 | F773: 44 | G773: 834095 | H773: 12
... A1521: 3263000 | B1521: Powiat m. Świnoujście | C1521: 2016 | D1521: 20393 | E1521: 112 | F1521: 253 | G1521: 1033020 | H1521: 0
A1522: 0201000 | B1522: Powiat bolesławiecki | C1522: 2017 | D1522: 31816 | E1522: 391 | F1522: 581 | G1522: 1286418 | H1522: -
A1523: 0202000 | B1523: Powiat dzierżoniowski | C1523: 2017 | D1523: 39712 | E1523: 126 | F1523: 325 | G1523: 2553403 | H1523: -
A1524: 0203000 | B1524: Powiat głogowski | C1524: 2017 | D1524: 32689 | E1524: 283 | F1524: 498 | G1524: 1895543 | H1524: -
A1525: 0204000 | B1525: Powiat górowski | C1525: 2017 | D1525: 11914 | E1525: 73 | F1525: 7 | G1525: 820635 | H1525: -
A1526: 0205000 | B1526: Powiat jaworski | C1526: 2017 | D1526: 17965 | E1526: 87 | F1526: 138 | G1526: 701826 | H1526: -
A1527: 0206000 | B1527: Powiat karkonoski | C1527: 2017 | D1527: 25543 | E1527: 590 | F1527: 209 | G1527: 980700 | H1527: -
A1528: 0207000 | B1528: Powiat kamiennogórski | C1528: 2017 | D1528: 16769 | E1528: 40 | F1528: 128 | G1528: 960176 | H1528: -
A1529: 0208000 | B1529: Powiat kłodzki | C1529: 2017 | D1529: 64313 | E1529: 201 | F1529: 600 | G1529: 3927879 | H1529: -
A1530: 0209000 | B1530: Powiat legnicki | C1530: 2017 | D1530: 18336 | E1530: 179 | F1530: 98 | G1530: 583158 | H1530: -
A1531: 0210000 | B1531: Powiat lubański | C1531: 2017 | D1531: 20347 | E1531: 128 | F1531: 281 | G1531: 924767 | H1531: -
A1532: 0211000 | B1532: Powiat lubiński | C1532: 2017 | D1532: 40419 | E1532: 244 | F1532: 645 | G1532: 1497487 | H1532: -
A1533: 0212000 | B1533: Powiat lwówecki | C1533: 2017 | D1533: 16804 | E1533: 66 | F1533: 112 | G1533: 637472 | H1533: -
... A1901: 3263000 | B1901: Powiat m. Świnoujście | C1901: 2017 | D1901: 20636 | E1901: 245 | F1901: 403 | G1901: 975695 | H1901: -
A1902: 0201000 | B1902: Powiat bolesławiecki | C1902: 2018 | D1902: 32143 | E1902: 337 | F1902: 589 | G1902: 1073530 | H1902: 32
A1903: 0202000 | B1903: Powiat dzierżoniowski | C1903: 2018 | D1903: 39817 | E1903: 118 | F1903: 414 | G1903: 2261339 | H1903: 154
A1904: 0203000 | B1904: Powiat głogowski | C1904: 2018 | D1904: 33107 | E1904: 450 | F1904: 578 | G1904: 1675608 | H1904: 0
A1905: 0204000 | B1905: Powiat górowski | C1905: 2018 | D1905: 11982 | E1905: 72 | F1905: 31 | G1905: 714744 | H1905: 81
A1906: 0205000 | B1906: Powiat jaworski | C1906: 2018 | D1906: 18050 | E1906: 88 | F1906: 136 | G1906: 579543 | H1906: 4
A1907: 0206000 | B1907: Powiat karkonoski | C1907: 2018 | D1907: 25827 | E1907: 302 | F1907: 215 | G1907: 865877 | H1907: 49
A1908: 0207000 | B1908: Powiat kamiennogórski | C1908: 2018 | D1908: 16829 | E1908: 70 | F1908: 153 | G1908: 797991 | H1908: 4
A1909: 0208000 | B1909: Powiat kłodzki | C1909: 2018 | D1909: 64534 | E1909: 240 | F1909: 710 | G1909: 3444198 | H1909: 380
A1910: 0209000 | B1910: Powiat legnicki | C1910: 2018 | D1910: 18499 | E1910: 172 | F1910: 116 | G1910: 501328 | H1910: 10
A1911: 0210000 | B1911: Powiat lubański | C1911: 2018 | D1911: 20464 | E1911: 119 | F1911: 250 | G1911: 782906 | H1911: 50
A1912: 0211000 | B1912: Powiat lubiński | C1912: 2018 | D1912: 40820 | E1912: 409 | F1912: 761 | G1912: 1410360 | H1912: 2
A1913: 0212000 | B1913: Powiat lwówecki | C1913: 2018 | D1913: 16856 | E1913: 57 | F1913: 142 | G1913: 554976 | H1913: 0
... A2281: 3263000 | B2281: Powiat m. Świnoujście | C2281: 2018 | D2281: 20962 | E2281: 329 | F2281: 299 | G2281: 901857 | H2281: 0
A2282: 0201000 | B2282: Powiat bolesławiecki | C2282: 2019 | D2282: 32616 | E2282: 492 | F2282: 560 | G2282: 891910 | H2282: -
A2283: 0202000 | B2283: Powiat dzierżoniowski | C2283: 2019 | D2283: 39931 | E2283: 123 | F2283: 539 | G2283: 2128479 | H2283: -
A2284: 0203000 | B2284: Powiat głogowski | C2284: 2019 | D2284: 33327 | E2284: 243 | F2284: 501 | G2284: 1417987 | H2284: -
A2285: 0204000 | B2285: Powiat górowski | C2285: 2019 | D2285: 12039 | E2285: 62 | F2285: 54 | G2285: 633436 | H2285: -
A2286: 0205000 | B2286: Powiat jaworski | C2286: 2019 | D2286: 18144 | E2286: 101 | F2286: 126 | G2286: 489879 | H2286: -
A2287: 0206000 | B2287: Powiat karkonoski | C2287: 2019 | D2287: 26088 | E2287: 285 | F2287: 182 | G2287: 743580 | H2287: -
A2288: 0207000 | B2288: Powiat kamiennogórski | C2288: 2019 | D2288: 16859 | E2288: 41 | F2288: 161 | G2288: 689147 | H2288: -
A2289: 0208000 | B2289: Powiat kłodzki | C2289: 2019 | D2289: 64800 | E2289: 295 | F2289: 836 | G2289: 3112545 | H2289: -
A2290: 0209000 | B2290: Powiat legnicki | C2290: 2019 | D2290: 18684 | E2290: 192 | F2290: 101 | G2290: 451072 | H2290: -
A2291: 0210000 | B2291: Powiat lubański | C2291: 2019 | D2291: 20556 | E2291: 99 | F2291: 294 | G2291: 698747 | H2291: -
A2292: 0211000 | B2292: Powiat lubiński | C2292: 2019 | D2292: 41293 | E2292: 473 | F2292: 851 | G2292: 1277204 | H2292: -
A2293: 0212000 | B2293: Powiat lwówecki | C2293: 2019 | D2293: 16902 | E2293: 49 | F2293: 151 | G2293: 498522 | H2293: -
... A2661: 3263000 | B2661: Powiat m. Świnoujście | C2661: 2019 | D2661: 21182 | E2661: 224 | F2661: 343 | G2661: 916083 | H2661: -
A2662: 0201000 | B2662: Powiat bolesławiecki | C2662: 2020 | D2662: 34085 | E2662: 493 | F2662: 420 | G2662: 804872 | H2662: 0
A2663: 0202000 | B2663: Powiat dzierżoniowski | C2663: 2020 | D2663: 40575 | E2663: 134 | F2663: 549 | G2663: 1992258 | H2663: 57
A2664: 0203000 | B2664: Powiat głogowski | C2664: 2020 | D2664: 33974 | E2664: 278 | F2664: 486 | G2664: 1308189 | H2664: 25
A2665: 0204000 | B2665: Powiat górowski | C2665: 2020 | D2665: 12137 | E2665: 58 | F2665: 77 | G2665: 583181 | H2665: 4
A2666: 0205000 | B2666: Powiat jaworski | C2666: 2020 | D2666: 18196 | E2666: 97 | F2666: 159 | G2666: 505615 | H2666: 3
A2667: 0206000 | B2667: Powiat karkonoski | C2667: 2020 | D2667: 26803 | E2667: 268 | F2667: 430 | G2667: 717776 | H2667: 10
A2668: 0207000 | B2668: Powiat kamiennogórski | C2668: 2020 | D2668: 17004 | E2668: 62 | F2668: 145 | G2668: 664466 | H2668: 2
A2669: 0208000 | B2669: Powiat kłodzki | C2669: 2020 | D2669: 65485 | E2669: 410 | F2669: 814 | G2669: 3018558 | H2669: 218
A2670: 0209000 | B2670: Powiat legnicki | C2670: 2020 | D2670: 19483 | E2670: 222 | F2670: 111 | G2670: 433386 | H2670: 0
A2671: 0210000 | B2671: Powiat lubański | C2671: 2020 | D2671: 20944 | E2671: 93 | F2671: 240 | G2671: 631764 | H2671: 0
A2672: 0211000 | B2672: Powiat lubiński | C2672: 2020 | D2672: 42838 | E2672: 470 | F2672: 810 | G2672: 1195129 | H2672: 0
A2673: 0212000 | B2673: Powiat lwówecki | C2673: 2020 | D2673: 17234 | E2673: 40 | F2673: 141 | G2673: 486893 | H2673: 8
... A3041: 3263000 | B3041: Powiat m. Świnoujście | C3041: 2020 | D3041: 22332 | E3041: 392 | F3041: 369 | G3041: 827822 | H3041: 0
A3042: 0201000 | B3042: Powiat bolesławiecki | C3042: 2021 | D3042: 34480 | E3042: 611 | F3042: 609 | G3042: 933787 | H3042: -
A3043: 0202000 | B3043: Powiat dzierżoniowski | C3043: 2021 | D3043: 40736 | E3043: 366 | F3043: 724 | G3043: 2020289 | H3043: -
A3044: 0203000 | B3044: Powiat głogowski | C3044: 2021 | D3044: 34323 | E3044: 669 | F3044: 760 | G3044: 1331254 | H3044: -
A3045: 0204000 | B3045: Powiat górowski | C3045: 2021 | D3045: 12182 | E3045: 63 | F3045: 90 | G3045: 531690 | H3045: -
A3046: 0205000 | B3046: Powiat jaworski | C3046: 2021 | D3046: 18384 | E3046: 200 | F3046: 201 | G3046: 496381 | H3046: -
A3047: 0206000 | B3047: Powiat karkonoski | C3047: 2021 | D3047: 26994 | E3047: 289 | F3047: 492 | G3047: 828541 | H3047: -
A3048: 0207000 | B3048: Powiat kamiennogórski | C3048: 2021 | D3048: 17066 | E3048: 97 | F3048: 148 | G3048: 777481 | H3048: -
A3049: 0208000 | B3049: Powiat kłodzki | C3049: 2021 | D3049: 66032 | E3049: 624 | F3049: 958 | G3049: 3284965 | H3049: -
...

Sheet Wskaźniki analityczne
A1: Kod | B1: Powiat | C1: Indeks dynamiki zasobów mieszkaniowych (szt.) (2013/2023) | D1: Indeks dynamiki mieszkań oddanych do użytkowania (szt.) (2013/2023) | E1: Indeks dynamiki rynkowej sprzedaży lokali mieszkalnych (szt.) (2013/2023) | F1: Indeks dynamiki kwoty wypłaconych dodatków mieszkaniowych użytkownikom lokali (szt.) (2013/2023) | G1: Średnia ilość remontów mieszkań komunalnych (2013 - 2022)
A2: 0201000 | B2: Powiat bolesławiecki | C2: =(Dane!D3802-Dane!D2)/Dane!D2 -> 0.15666481 | D2: =(Dane!E3802-Dane!E2)/Dane!E2 -> 0.067204301 | E2: =(Dane!F3802-Dane!F2)/Dane!F2 -> 1.1834061 | F2: =(Dane!G3802-Dane!G2)/Dane!G2 -> -0.26890333 | G2: =AVERAGE(Dane!H2,Dane!H762,Dane!H1142,Dane!H1902,Dane!H2662,Dane!H3422) -> 11.666667
A3: 0202000 | B3: Powiat dzierżoniowski | C3: =(Dane!D3803-Dane!D3)/Dane!D3 -> 0.046935717 | D3: =(Dane!E3803-Dane!E3)/Dane!E3 -> 1.1907514 | E3: =(Dane!F3803-Dane!F3)/Dane!F3 -> 0.9037037 | F3: =(Dane!G3803-Dane!G3)/Dane!G3 -> -0.061252665 | G3: =AVERAGE(Dane!H3,Dane!H763,Dane!H1143,Dane!H1903,Dane!H2663,Dane!H3423) -> 69.166667
A4: 0203000 | B4: Powiat głogowski | C4: =(Dane!D3804-Dane!D4)/Dane!D4 -> 0.096423507 | D4: =(Dane!E3804-Dane!E4)/Dane!E4 -> -0.49636804 | E4: =(Dane!F3804-Dane!F4)/Dane!F4 -> 0.15131579 | F4: =(Dane!G3804-Dane!G4)/Dane!G4 -> 0.12727142 | G4: =AVERAGE(Dane!H4,Dane!H764,Dane!H1144,Dane!H1904,Dane!H2664,Dane!H3424) -> 68.5
A5: 0204000 | B5: Powiat górowski | C5: =(Dane!D3805-Dane!D5)/Dane!D5 -> 0.053310551 | D5: =(Dane!E3805-Dane!E5)/Dane!E5 -> 0.125 | E5: - | F5: =(Dane!G3805-Dane!G5)/Dane!G5 -> -0.37998655 | G5: =AVERAGE(Dane!H5,Dane!H765,Dane!H1145,Dane!H1905,Dane!H2665,Dane!H3425) -> 14.166667
A6: 0205000 | B6: Powiat jaworski | C6: =(Dane!D3806-Dane!D6)/Dane!D6 -> 0.058564161 | D6: =(Dane!E3806-Dane!E6)/Dane!E6 -> 0.25663717 | E6: =(Dane!F3806-Dane!F6)/Dane!F6 -> 1.6470588 | F6: =(Dane!G3806-Dane!G6)/Dane!G6 -> -0.43494984 | G6: =AVERAGE(Dane!H6,Dane!H766,Dane!H1146,Dane!H1906,Dane!H2666,Dane!H3426) -> 14.666667
A7: 0206000 | B7: Powiat karkonoski | C7: =(Dane!D3807-Dane!D7)/Dane!D7 -> 0.15291171 | D7: =(Dane!E3807-Dane!E7)/Dane!E7 -> 0.56227758 | E7: =(Dane!F3807-Dane!F7)/Dane!F7 -> 1.6944444 | F7: =(Dane!G3807-Dane!G7)/Dane!G7 -> -0.39824898 | G7: =AVERAGE(Dane!H7,Dane!H767,Dane!H1147,Dane!H1907,Dane!H2667,Dane!H3427) -> 32.833333
A8: 0207000 | B8: Powiat kamiennogórski | C8: =(Dane!D3808-Dane!D8)/Dane!D8 -> 0.034459947 | D8: =(Dane!E3808-Dane!E8)/Dane!E8 -> 0.32911392 | E8: =(Dane!F3808-Dane!F8)/Dane!F8 -> 1.1494253 | F8: =(Dane!G3808-Dane!G8)/Dane!G8 -> -0.17176536 | G8: =AVERAGE(Dane!H8,Dane!H768,Dane!H1148,Dane!H1908,Dane!H2668,Dane!H3428) -> 4.3333333
A9: 0208000 | B9: Powiat kłodzki | C9: =(Dane!D3809-Dane!D9)/Dane!D9 -> 0.056055549 | D9: =(Dane!E3809-Dane!E9)/Dane!E9 -> 0.017326733 | E9: =(Dane!F3809-Dane!F9)/Dane!F9 -> 0.41955193 | F9: =(Dane!G3809-Dane!G9)/Dane!G9 -> -0.19376728 | G9: =AVERAGE(Dane!H9,Dane!H769,Dane!H1149,Dane!H1909,Dane!H2669,Dane!H3429) -> 331.5
A10: 0209000 | B10: Powiat legnicki | C10: =(Dane!D3810-Dane!D10)/Dane!D10 -> 0.15076888 | D10: =(Dane!E3810-Dane!E10)/Dane!E10 -> 0.65740741 | E10: =(Dane!F3810-Dane!F10)/Dane!F10 -> 2.4264706 | F10: =(Dane!G3810-Dane!G10)/Dane!G10 -> -0.3529617 | G10: =AVERAGE(Dane!H10,Dane!H770,Dane!H1150,Dane!H1910,Dane!H2670,Dane!H3430) -> 26.166667
A11: 0210000 | B11: Powiat lubański | C11: =(Dane!D3811-Dane!D11)/Dane!D11 -> 0.072724531 | D11: =(Dane!E3811-Dane!E11)/Dane!E11 -> 0.0703125 | E11: =(Dane!F3811-Dane!F11)/Dane!F11 -> 1.1968504 | F11: =(Dane!G3811-Dane!G11)/Dane!G11 -> -0.47064982 | G11: =AVERAGE(Dane!H11,Dane!H771,Dane!H1151,Dane!H1911,Dane!H2671,Dane!H3431) -> 14.833333
A12: 0211000 | B12: Powiat lubiński | C12: =(Dane!D3812-Dane!D12)/Dane!D12 -> 0.12254802 | D12: =(Dane!E3812-Dane!E12)/Dane!E12 -> 0.13302752 | E12: =(Dane!F3812-Dane!F12)/Dane!F12 -> 0.75797373 | F12: =(Dane!G3812-Dane!G12)/Dane!G12 -> 0.099380973 | G12: =AVERAGE(Dane!H12,Dane!H772,Dane!H1152,Dane!H1912,Dane!H2672,Dane!H3432) -> 13.333333
A13: 0212000 | B13: Powiat lwówecki | C13: =(Dane!D3813-Dane!D13)/Dane!D13 -> 0.046389576 | D13: =(Dane!E3813-Dane!E13)/Dane!E13 -> -0.33333333 | E13: =(Dane!F3813-Dane!F13)/Dane!F13 -> 0.52173913 | F13: =(Dane!G3813-Dane!G13)/Dane!G13 -> -0.36975675 | G13: =AVERAGE(Dane!H13,Dane!H773,Dane!H1153,Dane!H1913,Dane!H2673,Dane!H3433) -> 4.5
A14: 0213000 | B14: Powiat milicki | C14: =(Dane!D3814-Dane!D14)/Dane!D14 -> 0.13166088 | D14: =(Dane!E3814-Dane!E14)/Dane!E14 -> 1.43 | E14: =(Dane!F3814-Dane!F14)/Dane!F14 -> 2.1285714 | F14: =(Dane!G3814-Dane!G14)/Dane!G14 -> -0.42494262 | G14: =AVERAGE(Dane!H14,Dane!H774,Dane!H1154,Dane!H1914,Dane!H2674,Dane!H3434) -> 15.166667
A15: 0214000 | B15: Powiat oleśnicki | C15: =(Dane!D3815-Dane!D15)/Dane!D15 -> 0.18578282 | D15: =(Dane!E3815-Dane!E15)/Dane!E15 -> 1.1639723 | E15: =(Dane!F3815-Dane!F15)/Dane!F15 -> 1.3556338 | F15: =(Dane!G3815-Dane!G15)/Dane!G15 -> -0.031088997 | G15: =AVERAGE(Dane!H15,Dane!H775,Dane!H1155,Dane!H1915,Dane!H2675,Dane!H3435) -> 189.66667
A16: 0215000 | B16: Powiat oławski | C16: =(Dane!D3816-Dane!D16)/Dane!D16 -> 0.21342231 | D16: =(Dane!E3816-Dane!E16)/Dane!E16 -> -0.13888889 | E16: =(Dane!F3816-Dane!F16)/Dane!F16 -> 0.4847561 | F16: =(Dane!G3816-Dane!G16)/Dane!G16 -> -0.073348383 | G16: =AVERAGE(Dane!H16,Dane!H776,Dane!H1156,Dane!H1916,Dane!H2676,Dane!H3436) -> 10.5
A17: 0216000 | B17: Powiat polkowicki | C17: =(Dane!D3817-Dane!D17)/Dane!D17 -> 0.12336852 | D17: =(Dane!E3817-Dane!E17)/Dane!E17 -> -0.23875433 | E17: =(Dane!F3817-Dane!F17)/Dane!F17 -> 0.71895425 | F17: =(Dane!G3817-Dane!G17)/Dane!G17 -> 9.8214392e-05 | G17: =AVERAGE(Dane!H17,Dane!H777,Dane!H1157,Dane!H1917,Dane!H2677,Dane!H3437) -> 1.3333333
... A54: 0464000 | B54: Powiat m. Włocławek | C54: =(Dane!D3854-Dane!D54)/Dane!D54 -> 0.042485732 | D54: =(Dane!E3854-Dane!E54)/Dane!E54 -> -0.34117647 | E54: =(Dane!F3854-Dane!F54)/Dane!F54 -> 0.10805085 | F54: =(Dane!G3854-Dane!G54)/Dane!G54 -> 0.048539469 | G54: =AVERAGE(Dane!H54,Dane!H814,Dane!H1194,Dane!H1954,Dane!H2714,Dane!H3474) -> 89.166667
A55: 0601000 | B55: Powiat bialski | C55: =(Dane!D3855-Dane!D55)/Dane!D55 -> 0.043252956 | D55: =(Dane!E3855-Dane!E55)/Dane!E55 -> 0.19191919 | E55: - | F55: =(Dane!G3855-Dane!G55)/Dane!G55 -> -0.26742037 | G55: =AVERAGE(Dane!H55,Dane!H815,Dane!H1195,Dane!H1955,Dane!H2715,Dane!H3475) -> 23.833333
A56: 0602000 | B56: Powiat biłgorajski | C56: =(Dane!D3856-Dane!D56)/Dane!D56 -> 0.066560447 | D56: =(Dane!E3856-Dane!E56)/Dane!E56 -> 0.58937198 | E56: =(Dane!F3856-Dane!F56)/Dane!F56 -> 3.1428571 | F56: =(Dane!G3856-Dane!G56)/Dane!G56 -> -0.52349411 | G56: =AVERAGE(Dane!H56,Dane!H816,Dane!H1196,Dane!H1956,Dane!H2716,Dane!H3476) -> 6.3333333
A57: 0603000 | B57: Powiat chełmski | C57: =(Dane!D3857-Dane!D57)/Dane!D57 -> 0.00021369804 | D57: =(Dane!E3857-Dane!E57)/Dane!E57 -> -0.020408163 | E57: =(Dane!F3857-Dane!F57)/Dane!F57 -> 1.1333333 | F57: =(Dane!G3857-Dane!G57)/Dane!G57 -> -0.68488136 | G57: =AVERAGE(Dane!H57,Dane!H817,Dane!H1197,Dane!H1957,Dane!H2717,Dane!H3477) -> 1.6666667
A58: 0604000 | B58: Powiat hrubieszowski | C58: =(Dane!D3858-Dane!D58)/Dane!D58 -> -0.0084436431 | D58: =(Dane!E3858-Dane!E58)/Dane!E58 -> -0.68 | E58: =(Dane!F3858-Dane!F58)/Dane!F58 -> 0.11864407 | F58: =(Dane!G3858-Dane!G58)/Dane!G58 -> -0.21886081 | G58: =AVERAGE(Dane!H58,Dane!H818,Dane!H1198,Dane!H1958,Dane!H2718,Dane!H3478) -> 37
A59: 0605000 | B59: Powiat janowski | C59: =(Dane!D3859-Dane!D59)/Dane!D59 -> 0.014155183 | D59: =(Dane!E3859-Dane!E59)/Dane!E59 -> -0.12307692 | E59: =(Dane!F3859-Dane!F59)/Dane!F59 -> 0.47058824 | F59: =(Dane!G3859-Dane!G59)/Dane!G59 -> -0.50214853 | G59: =AVERAGE(Dane!H59,Dane!H819,Dane!H1199,Dane!H1959,Dane!H2719,Dane!H3479) -> 1.8333333
A60: 0606000 | B60: Powiat krasnostawski | C60: =(Dane!D3860-Dane!D60)/Dane!D60 -> -0.02129834 | D60: =(Dane!E3860-Dane!E60)/Dane!E60 -> -0.049382716 | E60: =(Dane!F3860-Dane!F60)/Dane!F60 -> -0.42222222 | F60: =(Dane!G3860-Dane!G60)/Dane!G60 -> -0.66622382 | G60: =AVERAGE(Dane!H60,Dane!H820,Dane!H1200,Dane!H1960,Dane!H2720,Dane!H3480) -> 10.333333
A61: 0607000 | B61: Powiat kraśnicki | C61: =(Dane!D3861-Dane!D61)/Dane!D61 -> 0.020922099 | D61: =(Dane!E3861-Dane!E61)/Dane!E61 -> 0.39130435 | E61: =(Dane!F3861-Dane!F61)/Dane!F61 -> 0.61176471 | F61: =(Dane!G3861-Dane!G61)/Dane!G61 -> -0.60282066 | G61: =AVERAGE(Dane!H61,Dane!H821,Dane!H1201,Dane!H1961,Dane!H2721,Dane!H3481) -> 15.5
A62: 0608000 | B62: Powiat lubartowski | C62: =(Dane!D3862-Dane!D62)/Dane!D62 -> 0.060544058 | D62: =(Dane!E3862-Dane!E62)/Dane!E62 -> 0.40277778 | E62: =(Dane!F3862-Dane!F62)/Dane!F62 -> 0.93103448 | F62: =(Dane!G3862-Dane!G62)/Dane!G62 -> -0.34904532 | G62: =AVERAGE(Dane!H62,Dane!H822,Dane!H1202,Dane!H1962,Dane!H2722,Dane!H3482) -> 2.3333333
A63: 0609000 | B63: Powiat lubelski | C63: =(Dane!D3863-Dane!D63)/Dane!D63 -> 0.18227843 | D63: =(Dane!E3863-Dane!E63)/Dane!E63 -> 0.39855072 | E63: =(Dane!F3863-Dane!F63)/Dane!F63 -> 1.3551402 | F63: =(Dane!G3863-Dane!G63)/Dane!G63 -> -0.51124557 | G63: =AVERAGE(Dane!H63,Dane!H823,Dane!H1203,Dane!H1963,Dane!H2723,Dane!H3483) -> 10.166667
A64: 0610000 | B64: Powiat łęczyński | C64: =(Dane!D3864-Dane!D64)/Dane!D64 -> 0.10066781 | D64: =(Dane!E3864-Dane!E64)/Dane!E64 -> 0.13488372 | E64: =(Dane!F3864-Dane!F64)/Dane!F64 -> 0.37037037 | F64: =(Dane!G3864-Dane!G64)/Dane!G64 -> -0.32203186 | G64: =AVERAGE(Dane!H64,Dane!H824,Dane!H1204,Dane!H1964,Dane!H2724,Dane!H3484) -> 2.8333333
A65: 0611000 | B65: Powiat łukowski | C65: =(Dane!D3865-Dane!D65)/Dane!D65 -> 0.091859253 | D65: =(Dane!E3865-Dane!E65)/Dane!E65 -> 1.6763285 | E65: =(Dane!F3865-Dane!F65)/Dane!F65 -> 4.106383 | F65: =(Dane!G3865-Dane!G65)/Dane!G65 -> -0.21995768 | G65: =AVERAGE(Dane!H65,Dane!H825,Dane!H1205,Dane!H1965,Dane!H2725,Dane!H3485) -> 16.333333
A66: 0612000 | B66: Powiat opolski | C66: =(Dane!D3866-Dane!D66)/Dane!D66 -> 0.010965551 | D66: =(Dane!E3866-Dane!E66)/Dane!E66 -> 0.42666667 | E66: =(Dane!F3866-Dane!F66)/Dane!F66 -> 0.095238095 | F66: =(Dane!G3866-Dane!G66)/Dane!G66 -> -0.1474801 | G66: =AVERAGE(Dane!H66,Dane!H826,Dane!H1206,Dane!H1966,Dane!H2726,Dane!H3486) -> 3.1666667
A67: 0613000 | B67: Powiat parczewski | C67: =(Dane!D3867-Dane!D67)/Dane!D67 -> 0.015103153 | D67: =(Dane!E3867-Dane!E67)/Dane!E67 -> -0.19767442 | E67: =(Dane!F3867-Dane!F67)/Dane!F67 -> 2.8461538 | F67: =(Dane!G3867-Dane!G67)/Dane!G67 -> -0.60527785 | G67: =AVERAGE(Dane!H67,Dane!H827,Dane!H1207,Dane!H1967,Dane!H2727,Dane!H3487) -> 14.333333
... A106: 1014000 | B106: Powiat sieradzki | C106: =(Dane!D3906-Dane!D106)/Dane!D106 -> 0.054754157 | D106: =(Dane!E3906-Dane!E106)/Dane!E106 -> 1.1947368 | E106: =(Dane!F3906-Dane!F106)/Dane!F106 -> 0.46405229 | F106: =(Dane!G3906-Dane!G106)/Dane!G106 -> -0.39267515 | G106: =AVERAGE(Dane!H106,Dane!H866,Dane!H1246,Dane!H2006,Dane!H2766,Dane!H3526) -> 13.833333
A107: 1015000 | B107: Powiat skierniewicki | C107: =(Dane!D3907-Dane!D107)/Dane!D107 -> 0.071860754 | D107: =(Dane!E3907-Dane!E107)/Dane!E107 -> -0.014388489 | E107: - | F107: =(Dane!G3907-Dane!G107)/Dane!G107 -> 0.49075797 | G107: =AVERAGE(Dane!H107,Dane!H867,Dane!H1247,Dane!H2007,Dane!H2767,Dane!H3527) -> 2.8333333
A108: 1016000 | B108: Powiat tomaszowski | C108: =(Dane!D3908-Dane!D108)/Dane!D108 -> 0.047713188 | D108: =(Dane!E3908-Dane!E108)/Dane!E108 -> 0.52961672 | E108: =(Dane!F3908-Dane!F108)/Dane!F108 -> 1.2686567 | F108: =(Dane!G3908-Dane!G108)/Dane!G108 -> 0.25210583 | G108: =AVERAGE(Dane!H108,Dane!H868,Dane!H1248,Dane!H2008,Dane!H2768,Dane!H3528) -> 40
A109: 1017000 | B109: Powiat wieluński | C109: =(Dane!D3909-Dane!D109)/Dane!D109 -> 0.074003113 | D109: =(Dane!E3909-Dane!E109)/Dane!E109 -> 0.65540541 | E109: =(Dane!F3909-Dane!F109)/Dane!F109 -> 1.3863636 | F109: =(Dane!G3909-Dane!G109)/Dane!G109 -> -0.015282988 | G109: =AVERAGE(Dane!H109,Dane!H869,Dane!H1249,Dane!H2009,Dane!H2769,Dane!H3529) -> 14.5
A110: 1018000 | B110: Powiat wieruszowski | C110: =(Dane!D3910-Dane!D110)/Dane!D110 -> 0.09632504 | D110: =(Dane!E3910-Dane!E110)/Dane!E110 -> 0.83529412 | E110: =(Dane!F3910-Dane!F110)/Dane!F110 -> 3.9411765 | F110: =(Dane!G3910-Dane!G110)/Dane!G110 -> -0.19033378 | G110: =AVERAGE(Dane!H110,Dane!H870,Dane!H1250,Dane!H2010,Dane!H2770,Dane!H3530) -> 0.16666667
A111: 1019000 | B111: Powiat zduńskowolski | C111: =(Dane!D3911-Dane!D111)/Dane!D111 -> 0.072187978 | D111: =(Dane!E3911-Dane!E111)/Dane!E111 -> 1.2222222 | E111: =(Dane!F3911-Dane!F111)/Dane!F111 -> 1.2747253 | F111: =(Dane!G3911-Dane!G111)/Dane!G111 -> -0.15807293 | G111: =AVERAGE(Dane!H111,Dane!H871,Dane!H1251,Dane!H2011,Dane!H2771,Dane!H3531) -> 115.83333
A112: 1020000 | B112: Powiat zgierski | C112: =(Dane!D3912-Dane!D112)/Dane!D112 -> 0.11173776 | D112: =(Dane!E3912-Dane!E112)/Dane!E112 -> -0.086538462 | E112: =(Dane!F3912-Dane!F112)/Dane!F112 -> 0.2 | F112: =(Dane!G3912-Dane!G112)/Dane!G112 -> -0.29035633 | G112: =AVERAGE(Dane!H112,Dane!H872,Dane!H1252,Dane!H2012,Dane!H2772,Dane!H3532) -> 374
A113: 1021000 | B113: Powiat brzeziński | C113: =(Dane!D3913-Dane!D113)/Dane!D113 -> 0.086254819 | D113: =(Dane!E3913-Dane!E113)/Dane!E113 -> 0.28440367 | E113: =(Dane!F3913-Dane!F113)/Dane!F113 -> 1.2173913 | F113: =(Dane!G3913-Dane!G113)/Dane!G113 -> -0.20974071 | G113: =AVERAGE(Dane!H113,Dane!H873,Dane!H1253,Dane!H2013,Dane!H2773,Dane!H3533) -> 0.66666667
A114: 1061000 | B114: Powiat m. Łódź | C114: =(Dane!D3914-Dane!D114)/Dane!D114 -> 0.095128263 | D114: =(Dane!E3914-Dane!E114)/Dane!E114 -> 2.6264808 | E114: =(Dane!F3914-Dane!F114)/Dane!F114 -> 0.8254707 | F114: =(Dane!G3914-Dane!G114)/Dane!G114 -> -0.025716094 | G114: =AVERAGE(Dane!H114,Dane!H874,Dane!H1254,Dane!H2014,Dane!H2774,Dane!H3534) -> 478.66667
A115: 1062000 | B115: Powiat m. Piotrków Trybunalski | C115: =(Dane!D3915-Dane!D115)/Dane!D115 -> 0.054733585 | D115: =(Dane!E3915-Dane!E115)/Dane!E115 -> 1.9910714 | E115: =(Dane!F3915-Dane!F115)/Dane!F115 -> 2.3333333 | F115: =(Dane!G3915-Dane!G115)/Dane!G115 -> 0.26332011 | G115: =AVERAGE(Dane!H115,Dane!H875,Dane!H1255,Dane!H2015,Dane!H2775,Dane!H3535) -> 34.333333
A116: 1063000 | B116: Powiat m. Skierniewice | C116: =(Dane!D3916-Dane!D116)/Dane!D116 -> 0.073474215 | D116: =(Dane!E3916-Dane!E116)/Dane!E116 -> -0.070422535 | E116: =(Dane!F3916-Dane!F116)/Dane!F116 -> 0.26630435 | F116: =(Dane!G3916-Dane!G116)/Dane!G116 -> 0.2910094 | G116: =AVERAGE(Dane!H116,Dane!H876,Dane!H1256,Dane!H2016,Dane!H2776,Dane!H3536) -> 36.333333
A117: 1201000 | B117: Powiat bocheński | C117: =(Dane!D3917-Dane!D117)/Dane!D117 -> 0.13954931 | D117: =(Dane!E3917-Dane!E117)/Dane!E117 -> 0.24537037 | E117: =(Dane!F3917-Dane!F117)/Dane!F117 -> 1.0865385 | F117: =(Dane!G3917-Dane!G117)/Dane!G117 -> 0.0044500482 | G117: =AVERAGE(Dane!H117,Dane!H877,Dane!H1257,Dane!H2017,Dane!H2777,Dane!H3537) -> 2.3333333
A118: 1202000 | B118: Powiat brzeski | C118: =(Dane!D3918-Dane!D118)/Dane!D118 -> 0.10928306 | D118: =(Dane!E3918-Dane!E118)/Dane!E118 -> 0.59836066 | E118: =(Dane!F3918-Dane!F118)/Dane!F118 -> 9 | F118: =(Dane!G3918-Dane!G118)/Dane!G118 -> 0.20153145 | G118: =AVERAGE(Dane!H118,Dane!H878,Dane!H1258,Dane!H2018,Dane!H2778,Dane!H3538) -> 6.8333333
A119: 1203000 | B119: Powiat chrzanowski | C119: =(Dane!D3919-Dane!D119)/Dane!D119 -> 0.083469308 | D119: =(Dane!E3919-Dane!E119)/Dane!E119 -> 0.16058394 | E119: =(Dane!F3919-Dane!F119)/Dane!F119 -> 1.0584416 | F119: =(Dane!G3919-Dane!G119)/Dane!G119 -> 0.057592893 | G119: =AVERAGE(Dane!H119,Dane!H879,Dane!H1259,Dane!H2019,Dane!H2779,Dane!H3539) -> 103.16667
... A131: 1215000 | B131: Powiat suski | C131: =(Dane!D3931-Dane!D131)/Dane!D131 -> 0.11505187 | D131: =(Dane!E3931-Dane!E131)/Dane!E131 -> 0 | E131: =(Dane!F3931-Dane!F131)/Dane!F131 -> -0.61764706 | F131: =(Dane!G3931-Dane!G131)/Dane!G131 -> 0.41964751 | G131: =AVERAGE(Dane!H131,Dane!H891,Dane!H1271,Dane!H2031,Dane!H2791,Dane!H3551) -> 15.166667
A132: 1216000 | B132: Powiat tarnowski | C132: =(Dane!D3932-Dane!D132)/Dane!D132 -> 0.12030751 | D132: =(Dane!E3932-Dane!E132)/Dane!E132 -> 0.15816993 | E132: - | F132: =(Dane!G3932-Dane!G132)/Dane!G132 -> -0.14355278 | G132: =AVERAGE(Dane!H132,Dane!H892,Dane!H1272,Dane!H2032,Dane!H2792,Dane!H3552) -> 65.166667
A133: 1217000 | B133: Powiat tatrzański | C133: =(Dane!D3933-Dane!D133)/Dane!D133 -> 0.11363067 | D133: =(Dane!E3933-Dane!E133)/Dane!E133 -> 1.5572139 | E133: =(Dane!F3933-Dane!F133)/Dane!F133 -> 10.210526 | F133: =(Dane!G3933-Dane!G133)/Dane!G133 -> -0.20681346 | G133: =AVERAGE(Dane!H133,Dane!H893,Dane!H1273,Dane!H2033,Dane!H2793,Dane!H3553) -> 12.5
A134: 1218000 | B134: Powiat wadowicki | C134: =(Dane!D3934-Dane!D134)/Dane!D134 -> 0.12696911 | D134: =(Dane!E3934-Dane!E134)/Dane!E134 -> 0.54603854 | E134: =(Dane!F3934-Dane!F134)/Dane!F134 -> 0.94444444 | F134: =(Dane!G3934-Dane!G134)/Dane!G134 -> 0.24362202 | G134: =AVERAGE(Dane!H134,Dane!H894,Dane!H1274,Dane!H2034,Dane!H2794,Dane!H3554) -> 5
A135: 1219000 | B135: Powiat wielicki | C135: =(Dane!D3935-Dane!D135)/Dane!D135 -> 0.39886348 | D135: =(Dane!E3935-Dane!E135)/Dane!E135 -> 1.2033384 | E135: =(Dane!F3935-Dane!F135)/Dane!F135 -> 3.5035714 | F135: =(Dane!G3935-Dane!G135)/Dane!G135 -> 0.17483555 | G135: =AVERAGE(Dane!H135,Dane!H895,Dane!H1275,Dane!H2035,Dane!H2795,Dane!H3555) -> 0
A136: 1261000 | B136: Powiat m. Kraków | C136: =(Dane!D3936-Dane!D136)/Dane!D136 -> 0.3228276 | D136: =(Dane!E3936-Dane!E136)/Dane!E136 -> 0.37270266 | E136: =(Dane!F3936-Dane!F136)/Dane!F136 -> 0.69447588 | F136: =(Dane!G3936-Dane!G136)/Dane!G136 -> 0.031744491 | G136: =AVERAGE(Dane!H136,Dane!H896,Dane!H1276,Dane!H2036,Dane!H2796,Dane!H3556) -> 223.16667
A137: 1262000 | B137: Powiat m. Nowy Sącz | C137: =(Dane!D3937-Dane!D137)/Dane!D137 -> 0.088179283 | D137: =(Dane!E3937-Dane!E137)/Dane!E137 -> 0.23255814 | E137: =(Dane!F3937-Dane!F137)/Dane!F137 -> 0.91555556 | F137: =(Dane!G3937-Dane!G137)/Dane!G137 -> -0.29599598 | G137: =AVERAGE(Dane!H137,Dane!H897,Dane!H1277,Dane!H2037,Dane!H2797,Dane!H3557) -> 17.333333
A138: 1263000 | B138: Powiat m. Tarnów | C138: =(Dane!D3938-Dane!D138)/Dane!D138 -> 0.074109608 | D138: =(Dane!E3938-Dane!E138)/Dane!E138 -> 0.29615385 | E138: =(Dane!F3938-Dane!F138)/Dane!F138 -> 0.95205479 | F138: =(Dane!G3938-Dane!G138)/Dane!G138 -> 0.51110086 | G138: =AVERAGE(Dane!H138,Dane!H898,Dane!H1278,Dane!H2038,Dane!H2798,Dane!H3558) -> 149.5
A139: 1401000 | B139: Powiat białobrzeski | C139: =(Dane!D3939-Dane!D139)/Dane!D139 -> 0.033062845 | D139: =(Dane!E3939-Dane!E139)/Dane!E139 -> 0.91111111 | E139: =(Dane!F3939-Dane!F139)/Dane!F139 -> -0.25 | F139: =(Dane!G3939-Dane!G139)/Dane!G139 -> -0.0087174014 | G139: =AVERAGE(Dane!H139,Dane!H899,Dane!H1279,Dane!H2039,Dane!H2799,Dane!H3559) -> 5.8333333
A140: 1402000 | B140: Powiat ciechanowski | C140: =(Dane!D3940-Dane!D140)/Dane!D140 -> 0.1190672 | D140: =(Dane!E3940-Dane!E140)/Dane!E140 -> 0.66550523 | E140: =(Dane!F3940-Dane!F140)/Dane!F140 -> 1.7128205 | F140: =(Dane!G3940-Dane!G140)/Dane!G140 -> 0.014814896 | G140: =AVERAGE(Dane!H140,Dane!H900,Dane!H1280,Dane!H2040,Dane!H2800,Dane!H3560) -> 47.166667
A141: 1403000 | B141: Powiat garwoliński | C141: =(Dane!D3941-Dane!D141)/Dane!D141 -> 0.10378864 | D141: =(Dane!E3941-Dane!E141)/Dane!E141 -> 0.63239075 | E141: =(Dane!F3941-Dane!F141)/Dane!F141 -> 35.636364 | F141: =(Dane!G3941-Dane!G141)/Dane!G141 -> 0.31449996 | G141: =AVERAGE(Dane!H141,Dane!H901,Dane!H1281,Dane!H2041,Dane!H2801,Dane!H3561) -> 12.5
A142: 1404000 | B142: Powiat gostyniński | C142: =(Dane!D3942-Dane!D142)/Dane!D142 -> 0.02935999 | D142: =(Dane!E3942-Dane!E142)/Dane!E142 -> 0.40540541 | E142: =(Dane!F3942-Dane!F142)/Dane!F142 -> 1.6176471 | F142: =(Dane!G3942-Dane!G142)/Dane!G142 -> 0.14526171 | G142: =AVERAGE(Dane!H142,Dane!H902,Dane!H1282,Dane!H2042,Dane!H2802,Dane!H3562) -> 6
A143: 1405000 | B143: Powiat grodziski | C143: =(Dane!D3943-Dane!D143)/Dane!D143 -> 0.2951809 | D143: =(Dane!E3943-Dane!E143)/Dane!E143 -> 1.180531 | E143: =(Dane!F3943-Dane!F143)/Dane!F143 -> 44.166667 | F143: =(Dane!G3943-Dane!G143)/Dane!G143 -> -0.21176387 | G143: =AVERAGE(Dane!H143,Dane!H903,Dane!H1283,Dane!H2043,Dane!H2803,Dane!H3563) -> 31.833333
A144: 1406000 | B144: Powiat grójecki | C144: =(Dane!D3944-Dane!D144)/Dane!D144 -> 0.099144382 | D144: =(Dane!E3944-Dane!E144)/Dane!E144 -> 0.36132316 | E144: - | F144: =(Dane!G3944-Dane!G144)/Dane!G144 -> 0.185078 | G144: =AVERAGE(Dane!H144,Dane!H904,Dane!H1284,Dane!H2044,Dane!H2804,Dane!H3564) -> 36
A145: 1407000 | B145: Powiat kozienicki | C145: =(Dane!D3945-Dane!D145)/Dane!D145 -> 0.041273803 | D145: =(Dane!E3945-Dane!E145)/Dane!E145 -> -0.22268908 | E145: =(Dane!F3945-Dane!F145)/Dane!F145 -> 0.48484848 | F145: =(Dane!G3945-Dane!G145)/Dane!G145 -> -0.33312586 | G145: =AVERAGE(Dane!H145,Dane!H905,Dane!H1285,Dane!H2045,Dane!H2805,Dane!H3565) -> 10.833333
A146: 1408000 | B146: Powiat legionowski | C146: =(Dane!D3946-Dane!D146)/Dane!D146 -> 0.3223174 | D146: =(Dane!E3946-Dane!E146)/Dane!E146 -> 0.55639098 | E146: =(Dane!F3946-Dane!F146)/Dane!F146 -> 3.2074074 | F146: =(Dane!G3946-Dane!G146)/Dane!G146 -> 0.78905027 | G146: =AVERAGE(Dane!H146,Dane!H906,Dane!H1286,Dane!H2046,Dane!H2806,Dane!H3566) -> 43.166667
A147: 1409000 | B147: Powiat lipski | C147: =(Dane!D3947-Dane!D147)/Dane!D147 -> -0.042138269 | D147: =(Dane!E3947-Dane!E147)/Dane!E147 -> 0.25423729 | E147: - | F147: =(Dane!G3947-Dane!G147)/Dane!G147 -> -0.30106336 | G147: =AVERAGE(Dane!H147,Dane!H907,Dane!H1287,Dane!H2047,Dane!H2807,Dane!H3567) -> 4.8333333
A148: 1410000 | B148: Powiat łosicki | C148: =(Dane!D3948-Dane!D148)/Dane!D148 -> 0.024935892 | D148: =(Dane!E3948-Dane!E148)/Dane!E148 -> 1.0714286 | E148: =(Dane!F3948-Dane!F148)/Dane!F148 -> 0.72727273 | F148: =(Dane!G3948-Dane!G148)/Dane!G148 -> -0.4367165 | G148: =AVERAGE(Dane!H148,Dane!H908,Dane!H1288,Dane!H2048,Dane!H2808,Dane!H3568) -> 3.8333333
A149: 1411000 | B149: Powiat makowski | C149: =(Dane!D3949-Dane!D149)/Dane!D149 -> 0.04667069 | D149: =(Dane!E3949-Dane!E149)/Dane!E149 -> -0.28148148 | E149: - | F149: =(Dane!G3949-Dane!G149)/Dane!G149 -> 0.2594103 | G149: =AVERAGE(Dane!H149,Dane!H909,Dane!H1289,Dane!H2049,Dane!H2809,Dane!H3569) -> 24.5
A150: 1412000 | B150: Powiat miński | C150: =(Dane!D3950-Dane!D150)/Dane!D150 -> 0.1774583 | D150: =(Dane!E3950-Dane!E150)/Dane!E150 -> 1.034134 | E150: =(Dane!F3950-Dane!F150)/Dane!F150 -> 2.0369565 | F150: =(Dane!G3950-Dane!G150)/Dane!G150 -> 0.18556003 | G150: =AVERAGE(Dane!H150,Dane!H910,Dane!H1290,Dane!H2050,Dane!H2810,Dane!H3570) -> 74.833333
A151: 1413000 | B151: Powiat mławski | C151: =(Dane!D3951-Dane!D151)/Dane!D151 -> 0.13214051 | D151: =(Dane!E3951-Dane!E151)/Dane!E151 -> 0.69125683 | E151: =(Dane!F3951-Dane!F151)/Dane!F151 -> 1.1300448 | F151: =(Dane!G3951-Dane!G151)/Dane!G151 -> 0.14185935 | G151: =AVERAGE(Dane!H151,Dane!H911,Dane!H1291,Dane!H2051,Dane!H2811,Dane!H3571) -> 10.166667
A152: 1414000 | B152: Powiat nowodworski | C152: =(Dane!D3952-Dane!D152)/Dane!D152 -> 0.18625965 | D152: =(Dane!E3952-Dane!E152)/Dane!E152 -> 0.04 | E152: =(Dane!F3952-Dane!F152)/Dane!F152 -> 0.66549296 | F152: =(Dane!G3952-Dane!G152)/Dane!G152 -> -0.18955165 | G152: =AVERAGE(Dane!H152,Dane!H912,Dane!H1292,Dane!H2052,Dane!H2812,Dane!H3572) -> 96.5
A153: 1415000 | B153: Powiat ostrołęcki | C153: =(Dane!D3953-Dane!D153)/Dane!D153 -> 0.095855141 | D153: =(Dane!E3953-Dane!E153)/Dane!E153 -> 0.26446281 | E153: =(Dane!F3953-Dane!F153)/Dane!F153 -> 2.6666667 | F153: =(Dane!G3953-Dane!G153)/Dane!G153 -> -0.78479498 | G153: =AVERAGE(Dane!H153,Dane!H913,Dane!H1293,Dane!H2053,Dane!H2813,Dane!H3573) -> 4.1666667
A154: 1416000 | B154: Powiat ostrowski | C154: =(Dane!D3954-Dane!D154)/Dane!D154 -> 0.046940624 | D154: =(Dane!E3954-Dane!E154)/Dane!E154 -> 1.9292929 | E154: =(Dane!F3954-Dane!F154)/Dane!F154 -> 1.3478261 | F154: =(Dane!G3954-Dane!G154)/Dane!G154 -> -0.10706338 | G154: =AVERAGE(Dane!H154,Dane!H914,Dane!H1294,Dane!H2054,Dane!H2814,Dane!H3574) -> 10.666667
A155: 1417000 | B155: Powiat otwocki | C155: =(Dane!D3955-Dane!D155)/Dane!D155 -> 0.11403044 | D155: =(Dane!E3955-Dane!E155)/Dane!E155 -> 0.19090909 | E155: =(Dane!F3955-Dane!F155)/Dane!F155 -> 1.2625698 | F155: =(Dane!G3955-Dane!G155)/Dane!G155 -> -0.027676813 | G155: =AVERAGE(Dane!H155,Dane!H915,Dane!H1295,Dane!H2055,Dane!H2815,Dane!H3575) -> 113.66667
A156: 1418000 | B156: Powiat piaseczyński | C156: =(Dane!D3956-Dane!D156)/Dane!D156 -> 0.35083791 | D156: =(Dane!E3956-Dane!E156)/Dane!E156 -> 1.6870416 | E156: =(Dane!F3956-Dane!F156)/Dane!F156 -> 1.1406844 | F156: =(Dane!G3956-Dane!G156)/Dane!G156 -> 0.43529557 | G156: =AVERAGE(Dane!H156,Dane!H916,Dane!H1296,Dane!H2056,Dane!H2816,Dane!H3576) -> 38.5
A157: 1419000 | B157: Powiat płocki | C157: =(Dane!D3957-Dane!D157)/Dane!D157 -> 0.084320889 | D157: =(Dane!E3957-Dane!E157)/Dane!E157 -> -0.076 | E157: =(Dane!F3957-Dane!F157)/Dane!F157 -> 0.82857143 | F157: =(Dane!G3957-Dane!G157)/Dane!G157 -> -0.38165364 | G157: =AVERAGE(Dane!H157,Dane!H917,Dane!H1297,Dane!H2057,Dane!H2817,Dane!H3577) -> 9.1666667
A158: 1420000 | B158: Powiat płoński | C158: =(Dane!D3958-Dane!D158)/Dane!D158 -> 0.10028205 | D158: =(Dane!E3958-Dane!E158)/Dane!E158 -> 0.84923077 | E158: =(Dane!F3958-Dane!F158)/Dane!F158 -> 0.99166667 | F158: =(Dane!G3958-Dane!G158)/Dane!G158 -> -0.30573461 | G158: =AVERAGE(Dane!H158,Dane!H918,Dane!H1298,Dane!H2058,Dane!H2818,Dane!H3578) -> 60
A159: 1421000 | B159: Powiat pruszkowski | C159: =(Dane!D3959-Dane!D159)/Dane!D159 -> 0.31226852 | D159: =(Dane!E3959-Dane!E159)/Dane!E159 -> 4.516129 | E159: =(Dane!F3959-Dane!F159)/Dane!F159 -> 3 | F159: =(Dane!G3959-Dane!G159)/Dane!G159 -> -0.093147022 | G159: =AVERAGE(Dane!H159,Dane!H919,Dane!H1299,Dane!H2059,Dane!H2819,Dane!H3579) -> 127.83333
A160: 1422000 | B160: Powiat przasnyski | C160: =(Dane!D3960-Dane!D160)/Dane!D160 -> 0.087599545 | D160: =(Dane!E3960-Dane!E160)/Dane!E160 -> 0.62222222 | E160: =(Dane!F3960-Dane!F160)/Dane!F160 -> 1.3780488 | F160: =(Dane!G3960-Dane!G160)/Dane!G160 -> -0.1434572 | G160: =AVERAGE(Dane!H160,Dane!H920,Dane!H1300,Dane!H2060,Dane!H2820,Dane!H3580) -> 4.8333333
A161: 1423000 | B161: Powiat przysuski | C161: =(Dane!D3961-Dane!D161)/Dane!D161 -> -0.00089426979 | D161: =(Dane!E3961-Dane!E161)/Dane!E161 -> 1.3076923 | E161: =(Dane!F3961-Dane!F161)/Dane!F161 -> 1 | F161: =(Dane!G3961-Dane!G161)/Dane!G161 -> -0.28553189 | G161: =AVERAGE(Dane!H161,Dane!H921,Dane!H1301,Dane!H2061,Dane!H2821,Dane!H3581) -> 7.5
... A219: 2002000 | B219: Powiat białostocki | C219: =(Dane!D4019-Dane!D219)/Dane!D219 -> 0.19511014 | D219: =(Dane!E4019-Dane!E219)/Dane!E219 -> 0.75255102 | E219: =(Dane!F4019-Dane!F219)/Dane!F219 -> 1.6125 | F219: =(Dane!G4019-Dane!G219)/Dane!G219 -> -0.31511527 | G219: =AVERAGE(Dane!H219,Dane!H979,Dane!H1359,Dane!H2119,Dane!H2879,Dane!H3639) -> 7
A220: 2003000 | B220: Powiat bielski | C220: =(Dane!D4020-Dane!D220)/Dane!D220 -> 0.031319623 | D220: =(Dane!E4020-Dane!E220)/Dane!E220 -> 0.40495868 | E220: - | F220: =(Dane!G4020-Dane!G220)/Dane!G220 -> 0.15705472 | G220: =AVERAGE(Dane!H220,Dane!H980,Dane!H1360,Dane!H2120,Dane!H2880,Dane!H3640) -> 13.666667
A221: 2004000 | B221: Powiat grajewski | C221: =(Dane!D4021-Dane!D221)/Dane!D221 -> 0.050026399 | D221: =(Dane!E4021-Dane!E221)/Dane!E221 -> 1.0416667 | E221: =(Dane!F4021-Dane!F221)/Dane!F221 -> 0.9122807 | F221: =(Dane!G4021-Dane!G221)/Dane!G221 -> 0.17859217 | G221: =AVERAGE(Dane!H221,Dane!H981,Dane!H1361,Dane!H2121,Dane!H2881,Dane!H3641) -> 47.333333
A222: 2005000 | B222: Powiat hajnowski | C222: =(Dane!D4022-Dane!D222)/Dane!D222 -> 0.015218095 | D222: =(Dane!E4022-Dane!E222)/Dane!E222 -> 0.66336634 | E222: - | F222: =(Dane!G4022-Dane!G222)/Dane!G222 -> -0.095666973 | G222: =AVERAGE(Dane!H222,Dane!H982,Dane!H1362,Dane!H2122,Dane!H2882,Dane!H3642) -> 47.833333
A223: 2006000 | B223: Powiat kolneński | C223: =(Dane!D4023-Dane!D223)/Dane!D223 -> 0.049592262 | D223: =(Dane!E4023-Dane!E223)/Dane!E223 -> 1.0178571 | E223: =(Dane!F4023-Dane!F223)/Dane!F223 -> -1 | F223: =(Dane!G4023-Dane!G223)/Dane!G223 -> -0.39827662 | G223: =AVERAGE(Dane!H223,Dane!H983,Dane!H1363,Dane!H2123,Dane!H2883,Dane!H3643) -> 32.166667
A224: 2007000 | B224: Powiat łomżyński | C224: =(Dane!D4024-Dane!D224)/Dane!D224 -> 0.068384809 | D224: =(Dane!E4024-Dane!E224)/Dane!E224 -> 1.1666667 | E224: =(Dane!F4024-Dane!F224)/Dane!F224 -> 1.9090909 | F224: =(Dane!G4024-Dane!G224)/Dane!G224 -> -0.62038388 | G224: =AVERAGE(Dane!H224,Dane!H984,Dane!H1364,Dane!H2124,Dane!H2884,Dane!H3644) -> 1.6666667
A225: 2008000 | B225: Powiat moniecki | C225: =(Dane!D4025-Dane!D225)/Dane!D225 -> 0.0043180465 | D225: =(Dane!E4025-Dane!E225)/Dane!E225 -> 0.51351351 | E225: =(Dane!F4025-Dane!F225)/Dane!F225 -> 0.375 | F225: =(Dane!G4025-Dane!G225)/Dane!G225 -> -0.17010509 | G225: =AVERAGE(Dane!H225,Dane!H985,Dane!H1365,Dane!H2125,Dane!H2885,Dane!H3645) -> 0
A226: 2009000 | B226: Powiat sejneński | C226: =(Dane!D4026-Dane!D226)/Dane!D226 -> 0.028989667 | D226: =(Dane!E4026-Dane!E226)/Dane!E226 -> 0.06122449 | E226: =(Dane!F4026-Dane!F226)/Dane!F226 -> -1 | F226: =(Dane!G4026-Dane!G226)/Dane!G226 -> -0.3338903 | G226: =AVERAGE(Dane!H226,Dane!H986,Dane!H1366,Dane!H2126,Dane!H2886,Dane!H3646) -> 6
A227: 2010000 | B227: Powiat siemiatycki | C227: =(Dane!D4027-Dane!D227)/Dane!D227 -> -0.0088485663 | D227: =(Dane!E4027-Dane!E227)/Dane!E227 -> 1.3793103 | E227: - | F227: =(Dane!G4027-Dane!G227)/Dane!G227 -> -0.1747064 | G227: =AVERAGE(Dane!H227,Dane!H987,Dane!H1367,Dane!H2127,Dane!H2887,Dane!H3647) -> 11.166667
A228: 2011000 | B228: Powiat sokólski | C228: =(Dane!D4028-Dane!D228)/Dane!D228 -> -0.016906675 | D228: =(Dane!E4028-Dane!E228)/Dane!E228 -> -0.19642857 | E228: =(Dane!F4028-Dane!F228)/Dane!F228 -> 1.6956522 | F228: =(Dane!G4028-Dane!G228)/Dane!G228 -> -0.29269935 | G228: =AVERAGE(Dane!H228,Dane!H988,Dane!H1368,Dane!H2128,Dane!H2888,Dane!H3648) -> 29.333333
A229: 2012000 | B229: Powiat suwalski | C229: =(Dane!D4029-Dane!D229)/Dane!D229 -> 0.088558856 | D229: =(Dane!E4029-Dane!E229)/Dane!E229 -> 0.77419355 | E229: =(Dane!F4029-Dane!F229)/Dane!F229 -> 1.75 | F229: =(Dane!G4029-Dane!G229)/Dane!G229 -> -0.35455362 | G229: =AVERAGE(Dane!H229,Dane!H989,Dane!H1369,Dane!H2129,Dane!H2889,Dane!H3649) -> 3.3333333
A230: 2013000 | B230: Powiat wysokomazowiecki | C230: =(Dane!D4030-Dane!D230)/Dane!D230 -> 0.041878603 | D230: =(Dane!E4030-Dane!E230)/Dane!E230 -> 1.9891304 | E230: =(Dane!F4030-Dane!F230)/Dane!F230 -> 5.0416667 | F230: =(Dane!G4030-Dane!G230)/Dane!G230 -> -0.24437463 | G230: =AVERAGE(Dane!H230,Dane!H990,Dane!H1370,Dane!H2130,Dane!H2890,Dane!H3650) -> 9.6666667
A231: 2014000 | B231: Powiat zambrowski | C231: =(Dane!D4031-Dane!D231)/Dane!D231 -> 0.080942184 | D231: =(Dane!E4031-Dane!E231)/Dane!E231 -> 0.35338346 | E231: =(Dane!F4031-Dane!F231)/Dane!F231 -> 0.42424242 | F231: =(Dane!G4031-Dane!G231)/Dane!G231 -> 0.022150025 | G231: =AVERAGE(Dane!H231,Dane!H991,Dane!H1371,Dane!H2131,Dane!H2891,Dane!H3651) -> 2.1666667
A232: 2061000 | B232: Powiat m. Białystok | C232: =(Dane!D4032-Dane!D232)/Dane!D232 -> 0.16875352 | D232: =(Dane!E4032-Dane!E232)/Dane!E232 -> 0.77001271 | E232: =(Dane!F4032-Dane!F232)/Dane!F232 -> 0.91300145 | F232: =(Dane!G4032-Dane!G232)/Dane!G232 -> -0.15538758 | G232: =AVERAGE(Dane!H232,Dane!H992,Dane!H1372,Dane!H2132,Dane!H2892,Dane!H3652) -> 50.833333
A233: 2062000 | B233: Powiat m. Łomża | C233: =(Dane!D4033-Dane!D233)/Dane!D233 -> 0.12846303 | D233: =(Dane!E4033-Dane!E233)/Dane!E233 -> 0.33984375 | E233: =(Dane!F4033-Dane!F233)/Dane!F233 -> 1.1330472 | F233: =(Dane!G4033-Dane!G233)/Dane!G233 -> -0.47021225 | G233: =AVERAGE(Dane!H233,Dane!H993,Dane!H1373,Dane!H2133,Dane!H2893,Dane!H3653) -> 3.8333333
A234: 2063000 | B234: Powiat m. Suwałki | C234: =(Dane!D4034-Dane!D234)/Dane!D234 -> 0.16004857 | D234: =(Dane!E4034-Dane!E234)/Dane!E234 -> -0.18983957 | E234: =(Dane!F4034-Dane!F234)/Dane!F234 -> 1.1277372 | F234: =(Dane!G4034-Dane!G234)/Dane!G234 -> 0.022214295 | G234: =AVERAGE(Dane!H234,Dane!H994,Dane!H1374,Dane!H2134,Dane!H2894,Dane!H3654) -> 54
A235: 2201000 | B235: Powiat bytowski | C235: =(Dane!D4035-Dane!D235)/Dane!D235 -> 0.14976875 | D235: =(Dane!E4035-Dane!E235)/Dane!E235 -> 0.14146341 | E235: =(Dane!F4035-Dane!F235)/Dane!F235 -> 0.82051282 | F235: =(Dane!G4035-Dane!G235)/Dane!G235 -> 0.15598376 | G235: =AVERAGE(Dane!H235,Dane!H995,Dane!H1375,Dane!H2135,Dane!H2895,Dane!H3655) -> 40.5
A236: 2202000 | B236: Powiat chojnicki | C236: =(Dane!D4036-Dane!D236)/Dane!D236 -> 0.1675161 | D236: =(Dane!E4036-Dane!E236)/Dane!E236 -> 0.64814815 | E236: =(Dane!F4036-Dane!F236)/Dane!F236 -> 0.52659574 | F236: =(Dane!G4036-Dane!G236)/Dane!G236 -> -0.049505043 | G236: =AVERAGE(Dane!H236,Dane!H996,Dane!H1376,Dane!H2136,Dane!H2896,Dane!H3656) -> 41.166667
A237: 2203000 | B237: Powiat człuchowski | C237: =(Dane!D4037-Dane!D237)/Dane!D237 -> 0.088333806 | D237: =(Dane!E4037-Dane!E237)/Dane!E237 -> 0.23134328 | E237: =(Dane!F4037-Dane!F237)/Dane!F237 -> 0.53781513 | F237: =(Dane!G4037-Dane!G237)/Dane!G237 -> -0.006428751 | G237: =AVERAGE(Dane!H237,Dane!H997,Dane!H1377,Dane!H2137,Dane!H2897,Dane!H3657) -> 32.666667
A238: 2204000 | B238: Powiat gdański | C238: =(Dane!D4038-Dane!D238)/Dane!D238 -> 0.44732261 | D238: =(Dane!E4038-Dane!E238)/Dane!E238 -> 0.070351759 | E238: =(Dane!F4038-Dane!F238)/Dane!F238 -> 0.87044968 | F238: =(Dane!G4038-Dane!G238)/Dane!G238 -> 0.36450821 | G238: =AVERAGE(Dane!H238,Dane!H998,Dane!H1378,Dane!H2138,Dane!H2898,Dane!H3658) -> 56.166667
A239: 2205000 | B239: Powiat kartuski | C239: =(Dane!D4039-Dane!D239)/Dane!D239 -> 0.42286046 | D239: =(Dane!E4039-Dane!E239)/Dane!E239 -> 0.53692115 | E239: =(Dane!F4039-Dane!F239)/Dane!F239 -> 1.7651515 | F239: =(Dane!G4039-Dane!G239)/Dane!G239 -> 0.54044173 | G239: =AVERAGE(Dane!H239,Dane!H999,Dane!H1379,Dane!H2139,Dane!H2899,Dane!H3659) -> 42.5
... A291: 2601000 | B291: Powiat buski | C291: =(Dane!D4091-Dane!D291)/Dane!D291 -> 0.063141537 | D291: =(Dane!E4091-Dane!E291)/Dane!E291 -> 1.2969697 | E291: =(Dane!F4091-Dane!F291)/Dane!F291 -> 4.0263158 | F291: =(Dane!G4091-Dane!G291)/Dane!G291 -> -0.34017055 | G291: =AVERAGE(Dane!H291,Dane!H1051,Dane!H1431,Dane!H2191,Dane!H2951,Dane!H3711) -> 1.8333333
A292: 2602000 | B292: Powiat jędrzejowski | C292: =(Dane!D4092-Dane!D292)/Dane!D292 -> 0.043687511 | D292: =(Dane!E4092-Dane!E292)/Dane!E292 -> 0.43382353 | E292: - | F292: =(Dane!G4092-Dane!G292)/Dane!G292 -> -0.28744864 | G292: =AVERAGE(Dane!H292,Dane!H1052,Dane!H1432,Dane!H2192,Dane!H2952,Dane!H3712) -> 16.666667
A293: 2603000 | B293: Powiat kazimierski | C293: =(Dane!D4093-Dane!D293)/Dane!D293 -> 0.015722692 | D293: =(Dane!E4093-Dane!E293)/Dane!E293 -> 0.95238095 | E293: =(Dane!F4093-Dane!F293)/Dane!F293 -> 0.4 | F293: =(Dane!G4093-Dane!G293)/Dane!G293 -> -0.6295779 | G293: =AVERAGE(Dane!H293,Dane!H1053,Dane!H1433,Dane!H2193,Dane!H2953,Dane!H3713) -> 0
...

Sheet Zmienne pochodne
A1: Suma mieszkań oddannych do użytkowania 2013 - 2023. | B1: Suma remontów mieszkań komunalnych 2013 - 2022. | C1: Różnica zasobów mieszkaniowych pomiędzy rokiem 2013, a 2023.
A2: =SUM(Dane!E2:E4181) -> 2085428 | B2: =SUM(Dane!H2:H4181) -> 117966 | C2: =SUM(Dane!D3802:D4181)-SUM(Dane!D2:D381) -> 1926347
